{
    "providers": [{"chars":["ꐐ"],"file":"default/chat/farmer_tag.png","ascent":9,"height":10,"type":"bitmap"},
    {"chars":["ꐑ"],"file":"default/chat/explorer_tag.png","ascent":9,"height":10,"type":"bitmap"},
    {"chars":["ꐒ"],"file":"default/chat/knight_tag.png","ascent":9,"height":10,"type":"bitmap"},
    {"chars":["ꐓ"],"file":"default/chat/lord_tag.png","ascent":9,"height":10,"type":"bitmap"},
    {"chars":["ꐔ"],"file":"default/chat/prince_tag.png","ascent":9,"height":10,"type":"bitmap"},
    {"chars":["ꐕ"],"file":"default/chat/king_tag.png","ascent":9,"height":10,"type":"bitmap"},
    {"chars":["ꐖ"],"file":"default/chat/hero_tag.png","ascent":9,"height":10,"type":"bitmap"},
    {"chars":["ꐗ"],"file":"default/chat/god_tag.png","ascent":9,"height":10,"type":"bitmap"},
    {"chars":["ꐘ"],"file":"default/chat/heart.png","ascent":8,"height":8,"type":"bitmap"},
    {"chars":["ꐙ"],"file":"minecraft:font/title.png","ascent":20,"height":36,"type":"bitmap"},
    {"chars":["ꐚ"],"file":"required/ui/menu_banner.png","ascent":-10,"height":236,"type":"bitmap"},
    {"chars":["ꐛ"],"file":"required/recipe_showcase.png","ascent":40,"height":164,"type":"bitmap"},
    {"chars":["ꐜ"],"file":"required/ui/menu_items.png","ascent":37,"height":256,"type":"bitmap"},
    {"chars":["ꐝ"],"file":"required/ui/menu_items_gems.png","ascent":37,"height":256,"type":"bitmap"},
    {"chars":["ꐞ"],"file":"required/recipe_stonecutter.png","ascent":40,"height":164,"type":"bitmap"},
    {"chars":["ꐟ"],"file":"required/ui/menu_ancient_traveler.png","ascent":19,"height":256,"type":"bitmap"},
    {"chars":["ꐶ"],"file":"required/ui/travelend.png","ascent":19,"height":256,"type":"bitmap"},
    {"chars":["ꐷ"],"file":"required/ui/travelad.png","ascent":19,"height":256,"type":"bitmap"},
    {"chars":["ꐸ"],"file":"required/ui/travelover.png","ascent":19,"height":256,"type":"bitmap"},
    {"chars":["ꐹ"],"file":"minecraft:font/quit.png","ascent":8,"height":8,"type":"bitmap"},
    {"chars":["ꐠ"],"file":"required/null.png","ascent":-32768,"height":-1,"type":"bitmap"},
    {"chars":["ꐡ"],"file":"required/null.png","ascent":-32768,"height":0,"type":"bitmap"},
    {"chars":["ꐢ"],"file":"required/null.png","ascent":-32768,"height":2,"type":"bitmap"},
    {"chars":["ꐣ"],"file":"required/null.png","ascent":-32768,"height":6,"type":"bitmap"},
    {"chars":["ꐤ"],"file":"required/null.png","ascent":-32768,"height":14,"type":"bitmap"},
    {"chars":["ꐥ"],"file":"required/null.png","ascent":-32768,"height":30,"type":"bitmap"},
    {"chars":["ꐦ"],"file":"required/null.png","ascent":-32768,"height":62,"type":"bitmap"},
    {"chars":["ꐧ"],"file":"required/null.png","ascent":-32768,"height":126,"type":"bitmap"},
    {"chars":["ꐨ"],"file":"required/null.png","ascent":-32768,"height":254,"type":"bitmap"},
    {"chars":["ꐩ"],"file":"required/null.png","ascent":-32768,"height":510,"type":"bitmap"},
    {"chars":["ꐪ"],"file":"required/null.png","ascent":-32768,"height":1022,"type":"bitmap"},
    {"chars":["ꐫ"],"file":"required/null.png","ascent":-32768,"height":-3,"type":"bitmap"},
    {"chars":["ꐬ"],"file":"required/null.png","ascent":-32768,"height":-4,"type":"bitmap"},
    {"chars":["ꐭ"],"file":"required/null.png","ascent":-32768,"height":-6,"type":"bitmap"},
    {"chars":["ꐮ"],"file":"required/null.png","ascent":-32768,"height":-10,"type":"bitmap"},
    {"chars":["ꐯ"],"file":"required/null.png","ascent":-32768,"height":-18,"type":"bitmap"},
    {"chars":["ꐰ"],"file":"required/null.png","ascent":-32768,"height":-34,"type":"bitmap"},
    {"chars":["ꐱ"],"file":"required/null.png","ascent":-32768,"height":-66,"type":"bitmap"},
    {"chars":["ꐲ"],"file":"required/null.png","ascent":-32768,"height":-130,"type":"bitmap"},
    {"chars":["ꐳ"],"file":"required/null.png","ascent":-32768,"height":-258,"type":"bitmap"},
    {"chars":["ꐴ"],"file":"required/null.png","ascent":-32768,"height":-514,"type":"bitmap"},
    {"chars":["ꐵ"],"file":"required/null.png","ascent":-32768,"height":-1026,"type":"bitmap"},
        {
            "type": "bitmap",
            "file": "minecraft:font/title.png",
            "ascent": 10,
            "height": 30,
            "chars": [
                "\u00E6"
            ]
        },
	{
            "type": "bitmap",
            "file": "minecraft:font/prefix_nov.png",
            "ascent": 7,
            "height": 7,
            "chars": [
                "\u00FE"
            ]
        },
	{
            "type": "bitmap",
            "file": "minecraft:font/prefix_imperator.png",
            "ascent": 7,
            "height": 7,
            "chars": [
                "\u00D9"
            ]
        },  
	{
            "type": "bitmap",
            "file": "minecraft:font/farm.png",
            "ascent": 11,
            "height": 15,
            "chars": [
                "\u0235"
            ]
        },  
	{
            "type": "bitmap",
            "file": "minecraft:font/sync.png",
            "ascent": 9,
            "height": 11,
            "chars": [
                "\u0166"
            ]
        },  
	{
            "type": "bitmap",
            "file": "minecraft:font/local.png",
            "ascent": 7,
            "height": 8,
            "chars": [
                "\u00C4"
            ]
        },  
	{
            "type": "bitmap",
            "file": "minecraft:font/global.png",
            "ascent": 7,
            "height": 8,
            "chars": [
                "\u00C1"
            ]
        },  
	{
            "type": "bitmap",
            "file": "minecraft:font/join.png",
            "ascent": 7,
            "height": 8,
            "chars": [
                "\u00DC"
            ]
        },  
	{
            "type": "bitmap",
            "file": "minecraft:font/quit.png",
            "ascent": 7,
            "height": 8,
            "chars": [
                "\u00F4"
            ]
        },
	{
            "type": "bitmap",
            "file": "minecraft:font/surv.png",
            "ascent": 11,
            "height": 15,
            "chars": [
                "\u0238"
            ]
        },  
	{
            "type": "bitmap",
            "file": "minecraft:font/mkn.png",
            "ascent": 7,
            "height": 8,
            "chars": [
                "\u024A"
            ]
        },
	{
            "type": "bitmap",
            "file": "minecraft:font/mke.png",
            "ascent": 7,
            "height": 8,
            "chars": [
                "\u0239"
            ]
        },
	{
            "type": "bitmap",
            "file": "minecraft:font/prefix_posluchnik.png",
            "ascent": 7,
            "height": 7,
            "chars": [
                "\u00EA"
            ]
        },
	{
            "type": "bitmap",
            "file": "minecraft:font/prefix_sluchitel.png",
            "ascent": 7,
            "height": 7,
            "chars": [
                "\u00FD"
            ]
        },
	{
            "type": "bitmap",
            "file": "minecraft:font/prefix_znatok.png",
            "ascent": 7,
            "height": 7,
            "chars": [
                "\u00F8"
            ]
        },
	{
            "type": "bitmap",
            "file": "minecraft:font/prefix_elite.png",
            "ascent": 7,
            "height": 7,
            "chars": [
                "\u00F5"
            ]
        },

	{
            "type": "bitmap",
            "file": "minecraft:font/ping1.png",
            "ascent": 11,
            "height": 15,
            "chars": [
                "\u00E4"
            ]
        },
	{
            "type": "bitmap",
            "file": "minecraft:font/ping2.png",
            "ascent": 11,
            "height": 15,
            "chars": [
                "\u00E3"
            ]
        },

	{
            "type": "bitmap",
            "file": "minecraft:font/tps.png",
            "ascent": 11,
            "height": 15,
            "chars": [
                "\u01D6"
            ]
        },
	{
            "type": "bitmap",
            "file": "minecraft:font/online.png",
            "ascent": 14,
            "height": 20,
            "chars": [
                "\u01D8"
            ]
        },
	{
            "type": "bitmap",
            "file": "minecraft:font/ping3.png",
            "ascent": 11,
            "height": 15,
            "chars": [
                "\u00E2"
            ]
        },
	{
            "type": "bitmap",
            "file": "minecraft:font/ping4.png",
            "ascent": 11,
            "height": 15,
            "chars": [
                "\u00E1"
            ]
        },
	{
            "type": "bitmap",
            "file": "minecraft:font/ping5.png",
            "ascent": 11,
            "height": 15,
            "chars": [
                "\u00E0"
            ]
        },

	{
            "type": "bitmap",
            "file": "minecraft:font/sponsor.png",
            "ascent": 7,
            "height": 8,
            "chars": [
                "\u00EC"
            ]
        },

	{
            "type": "bitmap",
            "file": "minecraft:font/sposorplus.png",
            "ascent": 7,
            "height": 8,
            "chars": [
                "\u00ED"
            ]
        },
	{
            "type": "bitmap",
            "file": "minecraft:font/shit.png",
            "ascent": 7,
            "height": 7,
            "chars": [
                "\u00F0"
            ]
        },
	{
            "type": "bitmap",
            "file": "minecraft:font/sword.png",
            "ascent": 7,
            "height": 7,
            "chars": [
                "\u00E7"
            ]
        },
	{
            "type": "bitmap",
            "file": "minecraft:font/helper.png",
            "ascent": 7,
            "height": 8,
            "chars": [
                "\u00FA"
            ]
        },
	{
            "type": "bitmap",
            "file": "minecraft:font/moderadm.png",
            "ascent": 7,
            "height": 8,
            "chars": [
                "\u00F1"
            ]
        },
	{
            "type": "bitmap",
            "file": "minecraft:font/texadm.png",
            "ascent": 7,
            "height": 8,
            "chars": [
                "\u0167"
            ]
        },
	{
            "type": "bitmap",
            "file": "minecraft:font/yt.png",
            "ascent": 7,
            "height": 8,
            "chars": [
                "\u00E8"
            ]
        },

	{
            "type": "bitmap",
            "file": "minecraft:font/clock0.png",
            "ascent": 7,
            "height": 8,
            "chars": [
                "\u0134"
            ]
        },
	{
            "type": "bitmap",
            "file": "minecraft:font/clock1.png",
            "ascent": 7,
            "height": 8,
            "chars": [
                "\u0135"
            ]
        },
	{
            "type": "bitmap",
            "file": "minecraft:font/clock2.png",
            "ascent": 7,
            "height": 8,
            "chars": [
                "\u0136"
            ]
        },
	{
            "type": "bitmap",
            "file": "minecraft:font/clock3.png",
            "ascent": 7,
            "height": 8,
            "chars": [
                "\u0139"
            ]
        },
	{
            "type": "bitmap",
            "file": "minecraft:font/clock4.png",
            "ascent": 7,
            "height": 8,
            "chars": [
                "\u013A"
            ]
        },
	{
            "type": "bitmap",
            "file": "minecraft:font/clock5.png",
            "ascent": 7,
            "height": 8,
            "chars": [
                "\u015A"
            ]
        },
	{
            "type": "bitmap",
            "file": "minecraft:font/clock6.png",
            "ascent": 7,
            "height": 8,
            "chars": [
                "\u015C"
            ]
        },
	{
            "type": "bitmap",
            "file": "minecraft:font/clock7.png",
            "ascent": 7,
            "height": 8,
            "chars": [
                "\u01B6"
            ]
        },
	{
            "type": "bitmap",
            "file": "minecraft:font/clock8.png",
            "ascent": 7,
            "height": 8,
            "chars": [
                "\u01C5"
            ]
        },
	{
            "type": "bitmap",
            "file": "minecraft:font/clock9.png",
            "ascent": 7,
            "height": 8,
            "chars": [
                "\u01F6"
            ]
        },
	{
            "type": "bitmap",
            "file": "minecraft:font/clock10.png",
            "ascent": 7,
            "height": 8,
            "chars": [
                "\u01F5"
            ]
        },
	{
            "type": "bitmap",
            "file": "minecraft:font/clock11.png",
            "ascent": 7,
            "height": 8,
            "chars": [
                "\u01F4"
            ]
        },
	{
            "type": "bitmap",
            "file": "minecraft:font/clock12.png",
            "ascent": 7,
            "height": 8,
            "chars": [
                "\u01E1"
            ]
        },
	{
            "type": "bitmap",
            "file": "minecraft:font/clock.png",
            "ascent": 7,
            "height": 8,
            "chars": [
                "\u00A3"
            ]
        },
	{
            "type": "bitmap",
            "file": "minecraft:font/stormland.png",
            "ascent": 9,
            "height": 12,
            "chars": [
                "\u0224"
            ]
        },
	{
            "type": "bitmap",
            "file": "minecraft:font/okak.png",
            "ascent": 9,
            "height": 12,
            "chars": [
                "\u01C8"
            ]
        },
	{
            "type": "bitmap",
            "file": "minecraft:font/kubok.png",
            "ascent": 9,
            "height": 12,
            "chars": [
                "\u0187"
            ]
        },
	{
            "type": "bitmap",
            "file": "minecraft:font/crown.png",
            "ascent": 9,
            "height": 12,
            "chars": [
                "\u04F6"
            ]
        },
	    {
            "type": "bitmap",
            "file": "minecraft:font/clock13.png",
            "ascent": 9,
            "height": 10,
            "chars": [
                "\u01EC"
            ]
        }
    ]
}