{
	"credit": "Made with Blockbench",
	"textures": {
		"0": "happy:item/happy_ghast",
		"particle": "happy:item/happy_ghast"
	},
	"elements": [
		{
			"name": "body",
			"from": [0, 0, 0],
			"to": [16, 16, 16],
			"rotation": {"angle": 0, "axis": "y", "origin": [8, 0, 8]},
			"faces": {
				"north": {"uv": [4, 8, 8, 16], "texture": "#0"},
				"east": {"uv": [0, 8, 4, 16], "texture": "#0"},
				"south": {"uv": [12, 8, 16, 16], "texture": "#0"},
				"west": {"uv": [8, 8, 12, 16], "texture": "#0"},
				"up": {"uv": [4, 0, 8, 8], "rotation": 180, "texture": "#0"},
				"down": {"uv": [8, 0, 12, 8], "texture": "#0"}
			}
		}
	],
	"display": {}
}