{
	"credit": "Made with Blockbench",
	"textures": {
		"2": "happy:item/happy_ghast_yellow_harness",
		"particle": "happy:item/happy_ghast_yellow_harness"
	},
	"elements": [
		{
			"name": "harness",
			"from": [-0.5, -0.5, -0.5],
			"to": [16.5, 16.5, 16.5],
			"rotation": {"angle": 0, "axis": "y", "origin": [8, 0, 8]},
			"faces": {
				"north": {"uv": [4, 8, 8, 16], "texture": "#2"},
				"east": {"uv": [0, 8, 4, 16], "texture": "#2"},
				"south": {"uv": [12, 8, 16, 16], "texture": "#2"},
				"west": {"uv": [8, 8, 12, 16], "texture": "#2"},
				"up": {"uv": [4, 0, 8, 8], "rotation": 180, "texture": "#2"}
			}
		}
	]
}