{
	"format_version": "1.21.6",
	"credit": "Made with Blockbench",
	"textures": {
		"1": "lenin_stone",
		"particle": "lenin_stone"
	},
	"elements": [
		{
			"from": [4, -6, 6],
			"to": [8, 6, 10],
			"rotation": {"angle": 0, "axis": "y", "origin": [12, 2, 14]},
			"faces": {
				"north": {"uv": [5, 13, 6, 16], "texture": "#1"},
				"east": {"uv": [4, 13, 5, 16], "texture": "#1"},
				"south": {"uv": [7, 13, 8, 16], "texture": "#1"},
				"west": {"uv": [6, 13, 7, 16], "texture": "#1"},
				"up": {"uv": [5, 12, 6, 13], "texture": "#1"},
				"down": {"uv": [6, 12, 7, 13], "texture": "#1"}
			}
		},
		{
			"from": [-8, 13.5, 6],
			"to": [4, 17.5, 10],
			"rotation": {"angle": 0, "axis": "z", "origin": [-0.5, 9.5, 14]},
			"faces": {
				"north": {"uv": [9, 13, 10, 16], "rotation": 270, "texture": "#1"},
				"east": {"uv": [10, 13, 9, 12], "rotation": 90, "texture": "#1"},
				"south": {"uv": [11, 13, 12, 16], "rotation": 90, "texture": "#1"},
				"west": {"uv": [11, 12, 10, 13], "rotation": 90, "texture": "#1"},
				"up": {"uv": [10, 13, 11, 16], "rotation": 90, "texture": "#1"},
				"down": {"uv": [8, 13, 9, 16], "rotation": 90, "texture": "#1"}
			}
		},
		{
			"from": [12, 14, 6],
			"to": [24, 18, 10],
			"rotation": {"angle": 0, "axis": "z", "origin": [14, 14, 8]},
			"faces": {
				"north": {"uv": [11, 5, 12, 8], "rotation": 90, "texture": "#1"},
				"east": {"uv": [13, 4, 12, 5], "rotation": 270, "texture": "#1"},
				"south": {"uv": [13, 5, 14, 8], "rotation": 270, "texture": "#1"},
				"west": {"uv": [12, 5, 11, 4], "rotation": 270, "texture": "#1"},
				"up": {"uv": [10, 5, 11, 8], "rotation": 270, "texture": "#1"},
				"down": {"uv": [12, 5, 13, 8], "rotation": 270, "texture": "#1"}
			}
		},
		{
			"from": [8, -6, 6],
			"to": [12, 6, 10],
			"rotation": {"angle": 0, "axis": "y", "origin": [16, 2, 14]},
			"faces": {
				"north": {"uv": [1, 5, 2, 8], "texture": "#1"},
				"east": {"uv": [0, 5, 1, 8], "texture": "#1"},
				"south": {"uv": [3, 5, 4, 8], "texture": "#1"},
				"west": {"uv": [2, 5, 3, 8], "texture": "#1"},
				"up": {"uv": [1, 4, 2, 5], "texture": "#1"},
				"down": {"uv": [2, 4, 3, 5], "texture": "#1"}
			}
		},
		{
			"from": [4, 6, 6],
			"to": [12, 18, 10],
			"rotation": {"angle": 0, "axis": "y", "origin": [12, 14, 14]},
			"faces": {
				"north": {"uv": [5, 5, 7, 8], "texture": "#1"},
				"east": {"uv": [4, 5, 5, 8], "texture": "#1"},
				"south": {"uv": [8, 5, 10, 8], "texture": "#1"},
				"west": {"uv": [7, 5, 8, 8], "texture": "#1"},
				"up": {"uv": [7, 5, 5, 4], "texture": "#1"},
				"down": {"uv": [7, 4, 9, 5], "texture": "#1"}
			}
		},
		{
			"from": [4, 17, 4],
			"to": [12, 25, 12],
			"rotation": {"angle": 0, "axis": "x", "origin": [12, 25, 13]},
			"faces": {
				"north": {"uv": [2, 2, 4, 4], "texture": "#1"},
				"east": {"uv": [0, 2, 2, 4], "texture": "#1"},
				"south": {"uv": [6, 2, 8, 4], "texture": "#1"},
				"west": {"uv": [4, 2, 6, 4], "texture": "#1"},
				"up": {"uv": [4, 2, 2, 0], "texture": "#1"},
				"down": {"uv": [4, 0, 6, 2], "texture": "#1"}
			}
		},
		{
			"from": [3.7, 16.7, 4],
			"to": [12.3, 25.3, 12.6],
			"rotation": {"angle": 0, "axis": "x", "origin": [12, 25, 13]},
			"faces": {
				"north": {"uv": [10, 2, 12, 4], "texture": "#1"},
				"east": {"uv": [8, 2, 10, 4], "texture": "#1"},
				"south": {"uv": [14, 2, 16, 4], "texture": "#1"},
				"west": {"uv": [12, 2, 14, 4], "texture": "#1"},
				"up": {"uv": [12, 2, 10, 0], "texture": "#1"},
				"down": {"uv": [12, 0, 14, 2], "texture": "#1"}
			}
		},
		{
			"from": [1, -16, 1],
			"to": [15, -15, 15],
			"rotation": {"angle": 0, "axis": "y", "origin": [9, -8, 9]},
			"faces": {
				"north": {"uv": [2.5, 8, 6, 8.25], "rotation": 180, "texture": "#1"},
				"east": {"uv": [5.75, 8, 6, 11.5], "rotation": 90, "texture": "#1"},
				"south": {"uv": [2.5, 11.25, 6, 11.5], "texture": "#1"},
				"west": {"uv": [2.5, 8, 2.75, 11.5], "rotation": 270, "texture": "#1"},
				"up": {"uv": [2.5, 8, 6, 11.5], "texture": "#1"},
				"down": {"uv": [6, 8, 2.5, 11.5], "rotation": 180, "texture": "#1"}
			}
		},
		{
			"from": [2, -9, 2],
			"to": [14, -6, 14],
			"rotation": {"angle": 0, "axis": "y", "origin": [13, 2, 13]},
			"faces": {
				"north": {"uv": [6, 11, 9, 11.75], "texture": "#1"},
				"east": {"uv": [6, 11, 9, 11.75], "texture": "#1"},
				"south": {"uv": [6, 11, 9, 11.75], "texture": "#1"},
				"west": {"uv": [6, 11, 9, 11.75], "texture": "#1"},
				"up": {"uv": [6, 8, 9, 11], "texture": "#1"},
				"down": {"uv": [6, 8, 9, 11], "rotation": 270, "texture": "#1"}
			}
		},
		{
			"from": [3, -15, 3],
			"to": [13, -9, 13],
			"rotation": {"angle": 0, "axis": "y", "origin": [14, -7, 14]},
			"faces": {
				"north": {"uv": [0, 8, 2.5, 9.5], "texture": "#1"},
				"east": {"uv": [0, 8, 2.5, 9.5], "texture": "#1"},
				"south": {"uv": [0, 8, 2.5, 9.5], "texture": "#1"},
				"west": {"uv": [0, 8, 2.5, 9.5], "texture": "#1"}
			}
		}
	],
	"display": {
		"thirdperson_righthand": {
			"rotation": [70, -5, -65],
			"translation": [-1, 0, 3.25]
		},
		"thirdperson_lefthand": {
			"rotation": [70, -5, -65],
			"translation": [-1, 0, 3.25]
		},
		"firstperson_righthand": {
			"rotation": [-140, 160, 115],
			"translation": [1.5, 0.75, -0.5]
		},
		"firstperson_lefthand": {
			"rotation": [-140, 160, 115],
			"translation": [1.5, 0.75, -0.5]
		},
		"ground": {
			"rotation": [90, 0, 0],
			"translation": [0, 2.5, 0.5]
		},
		"gui": {
			"rotation": [-25, -150, -51],
			"translation": [-1, 1.25, 0],
			"scale": [0.35, 0.35, 0.35]
		},
		"head": {
			"translation": [0, 19, 0]
		},
		"fixed": {
			"rotation": [-90, 0, 0],
			"translation": [0, 0, -45.85],
			"scale": [2, 2, 2]
		}
	},
	"groups": [
		{
			"name": "lenin_stone",
			"origin": [8, 8, 8],
			"color": 0,
			"children": [0, 1, 2, 3, 4, 5, 6, 7, 8, 9]
		}
	]
}